config,smote,model,acc,prec,rec,f1,cm,paper_acc
IQR1.5_split30,False,Decision Tree,0.8464,0.6537,0.4727,0.5486,"[[2162, 142], [299, 268]]",0.87
IQR1.5_split30,False,Random Forest,0.86,0.7816,0.4039,0.5326,"[[2240, 64], [338, 229]]",0.87
IQR1.5_split30,False,SVC,0.8506,0.7695,0.3474,0.4787,"[[2245, 59], [370, 197]]",0.87
IQR1.5_split30,False,KNN,0.8262,0.6298,0.291,0.3981,"[[2207, 97], [402, 165]]",0.87
IQR1.5_split30,False,XGBoost,0.8603,0.75,0.4392,0.5539,"[[2221, 83], [318, 249]]",0.87
IQR1.5_split30,False,Voting (hard vote),0.8593,0.7782,0.4021,0.5302,"[[2239, 65], [339, 228]]",0.87
IQR1.5_split30,True,Decision Tree,0.791,0.4774,0.6155,0.5378,"[[1922, 382], [218, 349]]",0.9
IQR1.5_split30,True,Random Forest,0.8349,0.5784,0.6049,0.5914,"[[2054, 250], [224, 343]]",0.9
IQR1.5_split30,True,SVC,0.7875,0.4735,0.6772,0.5573,"[[1877, 427], [183, 384]]",0.9
IQR1.5_split30,True,KNN,0.737,0.3956,0.6279,0.4853,"[[1760, 544], [211, 356]]",0.9
IQR1.5_split30,True,XGBoost,0.8541,0.644,0.5838,0.6124,"[[2121, 183], [236, 331]]",0.9
IQR1.5_split30,True,Voting (hard vote) + SMOTE,0.8283,0.5589,0.619,0.5874,"[[2027, 277], [216, 351]]",0.9
IQR1.5_split20,False,Decision Tree,0.8568,0.7524,0.4101,0.5308,"[[1485, 51], [223, 155]]",0.87
IQR1.5_split20,False,Random Forest,0.86,0.7806,0.4048,0.5331,"[[1493, 43], [225, 153]]",0.87
IQR1.5_split20,False,SVC,0.8537,0.7882,0.3545,0.4891,"[[1500, 36], [244, 134]]",0.87
IQR1.5_split20,False,KNN,0.8297,0.6429,0.3095,0.4179,"[[1471, 65], [261, 117]]",0.87
IQR1.5_split20,False,XGBoost,0.8657,0.7738,0.4524,0.571,"[[1486, 50], [207, 171]]",0.87
IQR1.5_split20,False,Voting (hard vote),0.8615,0.7958,0.4021,0.5343,"[[1497, 39], [226, 152]]",0.87
IQR1.5_split20,True,Decision Tree,0.8093,0.514,0.6296,0.566,"[[1311, 225], [140, 238]]",0.9
IQR1.5_split20,True,Random Forest,0.8354,0.5778,0.619,0.5977,"[[1365, 171], [144, 234]]",0.9
IQR1.5_split20,True,SVC,0.7915,0.4813,0.7143,0.5751,"[[1245, 291], [108, 270]]",0.9
IQR1.5_split20,True,KNN,0.7414,0.4061,0.6693,0.5055,"[[1166, 370], [125, 253]]",0.9
IQR1.5_split20,True,XGBoost,0.8652,0.6863,0.5847,0.6314,"[[1435, 101], [157, 221]]",0.9
IQR1.5_split20,True,Voting (hard vote) + SMOTE,0.8354,0.5738,0.6481,0.6087,"[[1354, 182], [133, 245]]",0.9
IQR2.0_split30,False,Decision Tree,0.8498,0.6983,0.4736,0.5644,"[[2219, 124], [319, 287]]",0.87
IQR2.0_split30,False,Random Forest,0.8671,0.7956,0.4752,0.595,"[[2269, 74], [318, 288]]",0.87
IQR2.0_split30,False,SVC,0.8603,0.807,0.4208,0.5531,"[[2282, 61], [351, 255]]",0.87
IQR2.0_split30,False,KNN,0.8352,0.6705,0.3894,0.4927,"[[2227, 116], [370, 236]]",0.87
IQR2.0_split30,False,XGBoost,0.865,0.7574,0.505,0.6059,"[[2245, 98], [300, 306]]",0.87
IQR2.0_split30,False,Voting (hard vote),0.8616,0.7797,0.4554,0.575,"[[2265, 78], [330, 276]]",0.87
IQR2.0_split30,True,Decision Tree,0.804,0.5176,0.6782,0.5871,"[[1960, 383], [195, 411]]",0.9
IQR2.0_split30,True,Random Forest,0.8406,0.6,0.6733,0.6345,"[[2071, 272], [198, 408]]",0.9
IQR2.0_split30,True,SVC,0.7864,0.4865,0.7112,0.5777,"[[1888, 455], [175, 431]]",0.9
IQR2.0_split30,True,KNN,0.743,0.4234,0.6931,0.5257,"[[1771, 572], [186, 420]]",0.9
IQR2.0_split30,True,XGBoost,0.8515,0.6405,0.632,0.6362,"[[2128, 215], [223, 383]]",0.9
IQR2.0_split30,True,Voting (hard vote) + SMOTE,0.8328,0.5795,0.6799,0.6257,"[[2044, 299], [194, 412]]",0.9
IQR2.0_split20,False,Decision Tree,0.8484,0.6893,0.4777,0.5643,"[[1475, 87], [211, 193]]",0.87
IQR2.0_split20,False,Random Forest,0.8678,0.7857,0.4901,0.6037,"[[1508, 54], [206, 198]]",0.87
IQR2.0_split20,False,SVC,0.855,0.7793,0.4109,0.5381,"[[1515, 47], [238, 166]]",0.87
IQR2.0_split20,False,KNN,0.8393,0.6913,0.3936,0.5016,"[[1491, 71], [245, 159]]",0.87
IQR2.0_split20,False,XGBoost,0.8698,0.7701,0.5223,0.6224,"[[1499, 63], [193, 211]]",0.87
IQR2.0_split20,False,Voting (hard vote),0.8662,0.7854,0.4802,0.596,"[[1509, 53], [210, 194]]",0.87
IQR2.0_split20,True,Decision Tree,0.7843,0.4825,0.6832,0.5656,"[[1266, 296], [128, 276]]",0.9
IQR2.0_split20,True,Random Forest,0.8347,0.5857,0.6683,0.6243,"[[1371, 191], [134, 270]]",0.9
IQR2.0_split20,True,SVC,0.7899,0.4924,0.7178,0.5841,"[[1263, 299], [114, 290]]",0.9
IQR2.0_split20,True,KNN,0.7477,0.4305,0.7054,0.5347,"[[1185, 377], [119, 285]]",0.9
IQR2.0_split20,True,XGBoost,0.8474,0.6327,0.6139,0.6231,"[[1418, 144], [156, 248]]",0.9
IQR2.0_split20,True,Voting (hard vote) + SMOTE,0.8255,0.5619,0.6856,0.6176,"[[1346, 216], [127, 277]]",0.9
IQR2.5_split30,False,Decision Tree,0.8505,0.6897,0.491,0.5736,"[[2238, 135], [311, 300]]",0.87
IQR2.5_split30,False,Random Forest,0.8737,0.8128,0.4975,0.6173,"[[2303, 70], [307, 304]]",0.87
IQR2.5_split30,False,SVC,0.8656,0.8323,0.4304,0.5674,"[[2320, 53], [348, 263]]",0.87
IQR2.5_split30,False,KNN,0.8391,0.6835,0.3993,0.5041,"[[2260, 113], [367, 244]]",0.87
IQR2.5_split30,False,XGBoost,0.869,0.7619,0.5237,0.6208,"[[2273, 100], [291, 320]]",0.87
IQR2.5_split30,False,Voting (hard vote),0.8743,0.8352,0.4812,0.6106,"[[2315, 58], [317, 294]]",0.87
IQR2.5_split30,True,Decision Tree,0.8123,0.5313,0.7087,0.6073,"[[1991, 382], [178, 433]]",0.9
IQR2.5_split30,True,Random Forest,0.8345,0.5798,0.6956,0.6324,"[[2065, 308], [186, 425]]",0.9
IQR2.5_split30,True,SVC,0.7892,0.4905,0.7594,0.596,"[[1891, 482], [147, 464]]",0.9
IQR2.5_split30,True,KNN,0.7456,0.4277,0.7169,0.5358,"[[1787, 586], [173, 438]]",0.9
IQR2.5_split30,True,XGBoost,0.8472,0.622,0.6465,0.634,"[[2133, 240], [216, 395]]",0.9
IQR2.5_split30,True,Voting (hard vote) + SMOTE,0.8321,0.5714,0.7201,0.6372,"[[2043, 330], [171, 440]]",0.9
IQR2.5_split20,False,Decision Tree,0.8513,0.6934,0.4889,0.5735,"[[1495, 88], [208, 199]]",0.87
IQR2.5_split20,False,Random Forest,0.8704,0.8016,0.4865,0.6055,"[[1534, 49], [209, 198]]",0.87
IQR2.5_split20,False,SVC,0.8648,0.8224,0.4324,0.5668,"[[1545, 38], [231, 176]]",0.87
IQR2.5_split20,False,KNN,0.8362,0.668,0.3956,0.4969,"[[1503, 80], [246, 161]]",0.87
IQR2.5_split20,False,XGBoost,0.8663,0.7564,0.5111,0.61,"[[1516, 67], [199, 208]]",0.87
IQR2.5_split20,False,Voting (hard vote),0.8709,0.8099,0.4816,0.604,"[[1537, 46], [211, 196]]",0.87
IQR2.5_split20,True,Decision Tree,0.7879,0.4872,0.7027,0.5755,"[[1282, 301], [121, 286]]",0.9
IQR2.5_split20,True,Random Forest,0.8161,0.5403,0.6757,0.6004,"[[1349, 234], [132, 275]]",0.9
IQR2.5_split20,True,SVC,0.7859,0.485,0.7543,0.5904,"[[1257, 326], [100, 307]]",0.9
IQR2.5_split20,True,KNN,0.7558,0.4395,0.7052,0.5415,"[[1217, 366], [120, 287]]",0.9
IQR2.5_split20,True,XGBoost,0.8417,0.6085,0.6339,0.6209,"[[1417, 166], [149, 258]]",0.9
IQR2.5_split20,True,Voting (hard vote) + SMOTE,0.8121,0.5308,0.6978,0.603,"[[1332, 251], [123, 284]]",0.9
NO_IQR_split20,False,Decision Tree,0.8565,0.7128,0.4939,0.5835,"[[1512, 81], [206, 201]]",0.87
NO_IQR_split20,False,Random Forest,0.8695,0.8202,0.4595,0.589,"[[1552, 41], [220, 187]]",0.87
NO_IQR_split20,False,SVC,0.862,0.8429,0.3956,0.5385,"[[1563, 30], [246, 161]]",0.87
NO_IQR_split20,False,KNN,0.8325,0.6748,0.3415,0.4535,"[[1526, 67], [268, 139]]",0.87
NO_IQR_split20,False,XGBoost,0.8685,0.7857,0.4865,0.6009,"[[1539, 54], [209, 198]]",0.87
NO_IQR_split20,False,Voting (hard vote),0.87,0.8296,0.4545,0.5873,"[[1555, 38], [222, 185]]",0.87
NO_IQR_split20,True,Decision Tree,0.8005,0.5072,0.6929,0.5857,"[[1319, 274], [125, 282]]",0.9
NO_IQR_split20,True,Random Forest,0.831,0.5732,0.6634,0.615,"[[1392, 201], [137, 270]]",0.9
NO_IQR_split20,True,SVC,0.7895,0.4883,0.7199,0.5819,"[[1286, 307], [114, 293]]",0.9
NO_IQR_split20,True,KNN,0.7285,0.4003,0.6708,0.5014,"[[1184, 409], [134, 273]]",0.9
NO_IQR_split20,True,XGBoost,0.8565,0.6554,0.6216,0.6381,"[[1460, 133], [154, 253]]",0.9
NO_IQR_split20,True,Voting (hard vote) + SMOTE,0.8295,0.5676,0.6806,0.619,"[[1382, 211], [130, 277]]",0.9
NO_IQR_split30,False,Decision Tree,0.8603,0.7162,0.5205,0.6028,"[[2263, 126], [293, 318]]",0.87
NO_IQR_split30,False,Random Forest,0.8707,0.8251,0.4632,0.5933,"[[2329, 60], [328, 283]]",0.87
NO_IQR_split30,False,SVC,0.86,0.8351,0.3895,0.5312,"[[2342, 47], [373, 238]]",0.87
NO_IQR_split30,False,KNN,0.8333,0.6687,0.3601,0.4681,"[[2280, 109], [391, 220]]",0.87
NO_IQR_split30,False,XGBoost,0.8677,0.7744,0.4943,0.6034,"[[2301, 88], [309, 302]]",0.87
NO_IQR_split30,False,Voting (hard vote),0.8667,0.8076,0.4534,0.5807,"[[2323, 66], [334, 277]]",0.87
NO_IQR_split30,True,Decision Tree,0.814,0.5334,0.6923,0.6026,"[[2019, 370], [188, 423]]",0.9
NO_IQR_split30,True,Random Forest,0.8433,0.6026,0.6776,0.6379,"[[2116, 273], [197, 414]]",0.9
NO_IQR_split30,True,SVC,0.7983,0.5034,0.73,0.5959,"[[1949, 440], [165, 446]]",0.9
NO_IQR_split30,True,KNN,0.7297,0.4025,0.6759,0.5046,"[[1776, 613], [198, 413]]",0.9
NO_IQR_split30,True,XGBoost,0.8587,0.6649,0.617,0.6401,"[[2199, 190], [234, 377]]",0.9
NO_IQR_split30,True,Voting (hard vote) + SMOTE,0.8383,0.5875,0.6923,0.6356,"[[2092, 297], [188, 423]]",0.9
